akduncan.plansignup.co.uk,No Admin Fee  + HD,https://premiervetalliance.com/pet-owner-terms-conditions/
allenandpartners.plansignup.co.uk,Admin Fee  + HD,https://premiervetalliance.com/pet-owner-terms-conditions/
anrich.plansignup.co.uk,Admin Fee  + HD,https://premiervetalliance.com/pet-owner-terms-conditions/
arberthvets.plansignup.co.uk,Admin Fee + No HD,https://premiervetalliance.com/pet-owner-terms-conditions/
archwayvets.plansignup.co.uk,Admin Fee  + HD,https://premiervetalliance.com/pet-owner-terms-conditions/
ashleyvets.plansignup.co.uk,Admin Fee  + HD,https://premiervetalliance.com/pet-owner-terms-conditions/
ashleyvetswaltonroad.plansignup.co.uk,Admin Fee  + HD,https://premiervetalliance.com/pet-owner-terms-conditions/
aspenvets.plansignup.co.uk,Admin Fee  + HD,https://premiervetalliance.com/pet-owner-terms-conditions/
avenuevets.plansignup.co.uk,Admin Fee + No HD,https://premiervetalliance.com/pet-owner-terms-conditions/
avenuevetsbingley.plansignup.co.uk,Admin Fee + No HD,https://premiervetalliance.com/pet-owner-terms-conditions/
bayer.plansignup.co.uk,No Admin Fee + No HD,https://premiervetalliance.com/pet-owner-terms-conditions/
bestfriendsgroupbillericay.plansignup.co.uk,No Admin Fee + No HD,https://premiervetalliance.com/pet-owner-terms-conditions/
bestfriendsgroupbroadway.plansignup.co.uk,No Admin Fee + No HD,https://premiervetalliance.com/pet-owner-terms-conditions/
bestfriendsgroupbyron.plansignup.co.uk,No Admin Fee + No HD,https://premiervetalliance.com/pet-owner-terms-conditions/
bestfriendsgroupchatteris.plansignup.co.uk,No Admin Fee + No HD,https://premiervetalliance.com/pet-owner-terms-conditions/
bestfriendsgroupchingford.plansignup.co.uk,No Admin Fee + No HD,https://premiervetalliance.com/pet-owner-terms-conditions/
bestfriendsgroupcorby.plansignup.co.uk,No Admin Fee + No HD,https://premiervetalliance.com/pet-owner-terms-conditions/
bestfriendsgroupcranham.plansignup.co.uk,No Admin Fee + No HD,https://premiervetalliance.com/pet-owner-terms-conditions/
bestfriendsgroupdagenham.plansignup.co.uk,No Admin Fee + No HD,https://premiervetalliance.com/pet-owner-terms-conditions/
bestfriendsgroupdebden.plansignup.co.uk,No Admin Fee + No HD,https://premiervetalliance.com/pet-owner-terms-conditions/
bestfriendsgrouphullbridge.plansignup.co.uk,No Admin Fee + No HD,https://premiervetalliance.com/pet-owner-terms-conditions/
bestfriendsgrouphuntingdon.plansignup.co.uk,No Admin Fee + No HD,https://premiervetalliance.com/pet-owner-terms-conditions/
bestfriendsgroupisleofdogs.plansignup.co.uk,No Admin Fee + No HD,https://premiervetalliance.com/pet-owner-terms-conditions/
bestfriendsgroupleicester.plansignup.co.uk,No Admin Fee + No HD,https://premiervetalliance.com/pet-owner-terms-conditions/
bestfriendsgroupmarch.plansignup.co.uk,No Admin Fee + No HD,https://premiervetalliance.com/pet-owner-terms-conditions/
bestfriendsgroupnorthampton.plansignup.co.uk,No Admin Fee + No HD,https://premiervetalliance.com/pet-owner-terms-conditions/
bestfriendsgroupoakhill.plansignup.co.uk,No Admin Fee + No HD,https://premiervetalliance.com/pet-owner-terms-conditions/
bestfriendsgrouporchid.plansignup.co.uk,No Admin Fee + No HD,https://premiervetalliance.com/pet-owner-terms-conditions/
bestfriendsgroupshenfield.plansignup.co.uk,No Admin Fee + No HD,https://premiervetalliance.com/pet-owner-terms-conditions/
bestfriendsgroupshenley.plansignup.co.uk,No Admin Fee + No HD,https://premiervetalliance.com/pet-owner-terms-conditions/
bestfriendsgroupspalding.plansignup.co.uk,No Admin Fee + No HD,https://premiervetalliance.com/pet-owner-terms-conditions/
bestfriendsgroupwhittlesey.plansignup.co.uk,No Admin Fee + No HD,https://premiervetalliance.com/pet-owner-terms-conditions/
bestfriendsgroupwisbech.plansignup.co.uk,No Admin Fee + No HD,https://premiervetalliance.com/pet-owner-terms-conditions/
bestfriendsgroupyaxley.plansignup.co.uk,No Admin Fee + No HD,https://premiervetalliance.com/pet-owner-terms-conditions/
breladesvets.plansignup.co.uk,Admin Fee + No HD,https://premiervetalliance.com/voyager-pet-owner-terms-conditions/
chandlersford.plansignup.co.uk,Admin Fee  + HD,https://premiervetalliance.com/pet-owner-terms-conditions/
churchcroft.plansignup.co.uk,No Admin Fee + No HD,https://premiervetalliance.com/pet-owner-terms-conditions/
coastwayvets.plansignup.co.uk,No Admin Fee + No HD,https://premiervetalliance.com/pet-owner-terms-conditions/
coastwayvetslewes.plansignup.co.uk,No Admin Fee + No HD,https://premiervetalliance.com/pet-owner-terms-conditions/
coastwayvetsportslade.plansignup.co.uk,No Admin Fee + No HD,https://premiervetalliance.com/pet-owner-terms-conditions/
coastwayvetsrottingdean.plansignup.co.uk,No Admin Fee + No HD,https://premiervetalliance.com/pet-owner-terms-conditions/
coastwayvetsshoreham.plansignup.co.uk,No Admin Fee + No HD,https://premiervetalliance.com/pet-owner-terms-conditions/
coastwayvetstelscombe.plansignup.co.uk,No Admin Fee + No HD,https://premiervetalliance.com/pet-owner-terms-conditions/
coastwayvetswoodingdean.plansignup.co.uk,No Admin Fee + No HD,https://premiervetalliance.com/pet-owner-terms-conditions/
cobham.plansignup.co.uk,Admin Fee  + HD,https://premiervetalliance.com/pet-owner-terms-conditions/
cornyard.plansignup.co.uk,Admin Fee  + HD,https://premiervetalliance.com/pet-owner-terms-conditions/
donningtongrove.plansignup.co.uk,Admin Fee  + HD,https://premiervetalliance.com/pet-owner-terms-conditions/
donningtongrovetadley.plansignup.co.uk,Admin Fee  + HD,https://premiervetalliance.com/pet-owner-terms-conditions/
donningtongrovethatcham.plansignup.co.uk,Admin Fee  + HD,https://premiervetalliance.com/pet-owner-terms-conditions/
downwoodvets.plansignup.co.uk,Admin Fee + No HD,https://premiervetalliance.com/voyager-pet-owner-terms-conditions/
dunton.plansignup.co.uk,Admin Fee  + HD,https://premiervetalliance.com/pet-owner-terms-conditions/
easipetcarechatham.plansignup.co.uk,No Admin Fee + No HD,https://premiervetalliance.com/pet-owner-terms-conditions/
easipetcaredartford.plansignup.co.uk,No Admin Fee + No HD,https://premiervetalliance.com/pet-owner-terms-conditions/
easipetcarederby.plansignup.co.uk,No Admin Fee + No HD,https://premiervetalliance.com/pet-owner-terms-conditions/
easipetcarekettering.plansignup.co.uk,No Admin Fee + No HD,https://premiervetalliance.com/pet-owner-terms-conditions/
easipetcarereading.plansignup.co.uk,No Admin Fee + No HD,https://premiervetalliance.com/pet-owner-terms-conditions/
easipetcarestreatham.plansignup.co.uk,No Admin Fee + No HD,https://premiervetalliance.com/pet-owner-terms-conditions/
east-barnet.plansignup.co.uk,No Admin Fee  + HD,https://premiervetalliance.com/pet-owner-terms-conditions/
ewell.plansignup.co.uk,Admin Fee + No HD,https://premiervetalliance.com/voyager-pet-owner-terms-conditions/
farehamcreek.plansignup.co.uk,Admin Fee  + HD,https://premiervetalliance.com/pet-owner-terms-conditions/
fentonvets.plansignup.co.uk,No Admin Fee + No HD,https://premiervetalliance.com/ahc-pet-owner-terms-conditions/
fernside.plansignup.co.uk,Admin Fee  + HD,https://premiervetalliance.com/pet-owner-terms-conditions/
fishguardvets.plansignup.co.uk,Admin Fee  + HD,https://premiervetalliance.com/pet-owner-terms-conditions/
glasgowequine.plansignup.co.uk,No Admin Fee + No HD,https://premiervetalliance.com/pet-owner-terms-conditions/
hansonvets.plansignup.co.uk,Admin Fee  + HD,https://premiervetalliance.com/pet-owner-terms-conditions/
hillcrestanimalhospital.plansignup.co.uk,Admin Fee  + HD,https://premiervetalliance.com/pet-owner-terms-conditions/
howells.plansignup.co.uk,Admin Fee + No HD,https://premiervetalliance.com/voyager-pet-owner-terms-conditions/
hunterslodge.plansignup.co.uk,Admin Fee + No HD,https://premiervetalliance.com/pet-owner-terms-conditions/
iffley.plansignup.co.uk,Admin Fee  + HD,https://premiervetalliance.com/pet-owner-terms-conditions/
langford.plansignup.co.uk,Admin Fee + No HD,https://premiervetalliance.com/voyager-pet-owner-terms-conditions/
littlecroftvets.plansignup.co.uk,No Admin Fee + No HD,https://premiervetalliance.com/pet-owner-terms-conditions/
luxstowevets.plansignup.co.uk,Admin Fee  + HD,https://premiervetalliance.com/pet-owner-terms-conditions/
luxstowevetslooe.plansignup.co.uk,Admin Fee  + HD,https://premiervetalliance.com/pet-owner-terms-conditions/
luxstowevetstorpoint.plansignup.co.uk,Admin Fee  + HD,https://premiervetalliance.com/pet-owner-terms-conditions/
meopham.plansignup.co.uk,No Admin Fee + No HD,https://premiervetalliance.com/ahc-pet-owner-terms-conditions/
mercuryvets.plansignup.co.uk,No Admin Fee + No HD,https://premiervetalliance.com/pet-owner-terms-conditions/
midsummervet.plansignup.co.uk,Admin Fee  + HD,https://premiervetalliance.com/pet-owner-terms-conditions/
millennium.plansignup.co.uk,Admin Fee  + HD,https://premiervetalliance.com/pet-owner-terms-conditions/
morley.plansignup.co.uk,Admin Fee  + HD,https://premiervetalliance.com/pet-owner-terms-conditions/
murphyandco.plansignup.co.uk,Admin Fee  + HD,https://premiervetalliance.com/pet-owner-terms-conditions/
mypetsvets.plansignup.co.uk,Admin Fee  + HD,https://premiervetalliance.com/pet-owner-terms-conditions/
orchardhouseveterinarycentresfountainview.plansignup.co.uk,No Admin Fee + No HD,https://premiervetalliance.com/ahc-pet-owner-terms-conditions/
orchardhouseveterinarycentreshexham.plansignup.co.uk,No Admin Fee + No HD,https://premiervetalliance.com/ahc-pet-owner-terms-conditions/
orchardhousevetsstocksfield.plansignup.co.uk,No Admin Fee + No HD,https://premiervetalliance.com/ahc-pet-owner-terms-conditions/
palmerstonvetgroup.plansignup.co.uk,No Admin Fee + No HD,https://premiervetalliance.com/pet-owner-terms-conditions/
palmerstonvetgrouphornchurch.plansignup.co.uk,No Admin Fee + No HD,https://premiervetalliance.com/pet-owner-terms-conditions/
palmerstonvetgroupwalthamstow.plansignup.co.uk,No Admin Fee + No HD,https://premiervetalliance.com/pet-owner-terms-conditions/
parksidevet.plansignup.co.uk,Admin Fee  + HD,https://premiervetalliance.com/pet-owner-terms-conditions/
paveleyanddayvets.plansignup.co.uk,No Admin Fee + No HD,https://premiervetalliance.com/ahc-pet-owner-terms-conditions/
penrose.plansignup.co.uk,Admin Fee + No HD,https://premiervetalliance.com/pet-owner-terms-conditions/
polmontvets.plansignup.co.uk,Admin Fee + No HD,https://premiervetalliance.com/voyager-pet-owner-terms-conditions/
princebishopconsettvets.plansignup.co.uk,No Admin Fee + No HD,https://premiervetalliance.com/pet-owner-terms-conditions/
princebishopcrookvets.plansignup.co.uk,No Admin Fee + No HD,https://premiervetalliance.com/pet-owner-terms-conditions/
prioryvetsaberaeron.plansignup.co.uk,Admin Fee  + HD,https://premiervetalliance.com/pet-owner-terms-conditions/
prioryvetscardigan.plansignup.co.uk,Admin Fee  + HD,https://premiervetalliance.com/pet-owner-terms-conditions/
prioryvetspreseli.plansignup.co.uk,Admin Fee  + HD,https://premiervetalliance.com/pet-owner-terms-conditions/
prospecthousellanfairfechan.plansignup.co.uk,Admin Fee  + HD,https://premiervetalliance.com/pet-owner-terms-conditions/
prospecthousevetscolwynbay.plansignup.co.uk,Admin Fee  + HD,https://premiervetalliance.com/pet-owner-terms-conditions/
ribble.plansignup.co.uk,Admin Fee + No HD,https://premiervetalliance.com/pet-owner-terms-conditions/
rosecottage.plansignup.co.uk,Admin Fee + No HD,https://premiervetalliance.com/pet-owner-terms-conditions/
royalvetscollege.plansignup.co.uk,No Admin Fee + No HD,https://premiervetalliance.com/ahc-pet-owner-terms-conditions/
pets1st.plansignup.co.uk,Admin Fee + No HD,https://premiervetalliance.com/pet-owner-terms-conditions/
shuttleworth.plansignup.co.uk,Admin Fee  + HD,https://premiervetalliance.com/pet-owner-terms-conditions/
sorepaws.plansignup.co.uk,Admin Fee  + HD,https://premiervetalliance.com/pet-owner-terms-conditions/
stkittsbasingstoke.plansignup.co.uk,Admin Fee  + HD,https://premiervetalliance.com/pet-owner-terms-conditions/
stkittscrookhampark.plansignup.co.uk,Admin Fee  + HD,https://premiervetalliance.com/pet-owner-terms-conditions/
stkittsvetshartleywintney.plansignup.co.uk,Admin Fee  + HD,https://premiervetalliance.com/pet-owner-terms-conditions/
stkittsvetsyateley.plansignup.co.uk,Admin Fee  + HD,https://premiervetalliance.com/pet-owner-terms-conditions/
streetly.plansignup.co.uk,Admin Fee  + HD,https://premiervetalliance.com/pet-owner-terms-conditions/
taylorvetscathkin.plansignup.co.uk,Admin Fee + No HD,https://premiervetalliance.com/pet-owner-terms-conditions/
taylorvetsclarkston.plansignup.co.uk,Admin Fee + No HD,https://premiervetalliance.com/pet-owner-terms-conditions/
taylorvetseastkilbride.plansignup.co.uk,Admin Fee + No HD,https://premiervetalliance.com/pet-owner-terms-conditions/
temevetsludlow.plansignup.co.uk,Admin Fee  + HD,https://premiervetalliance.com/pet-owner-terms-conditions/
temevetstenbury.plansignup.co.uk,Admin Fee  + HD,https://premiervetalliance.com/pet-owner-terms-conditions/
templeendveterinarysurgeryflackwellheath.plansignup.co.uk,Admin Fee + No HD,https://premiervetalliance.com/voyager-pet-owner-terms-conditions/
templeendveterinarysurgeryholmergreen.plansignup.co.uk,Admin Fee + No HD,https://premiervetalliance.com/voyager-pet-owner-terms-conditions/
templeendveterinarysurgerymarlowbottom.plansignup.co.uk,Admin Fee + No HD,https://premiervetalliance.com/voyager-pet-owner-terms-conditions/
templeendvets.plansignup.co.uk,Admin Fee + No HD,https://premiervetalliance.com/voyager-pet-owner-terms-conditions/
the-cape.plansignup.co.uk,Admin Fee  + HD,https://premiervetalliance.com/pet-owner-terms-conditions/
catdoctor.plansignup.co.uk,No Admin Fee + No HD,https://premiervetalliance.com/ahc-pet-owner-terms-conditions/
charlesworth.plansignup.co.uk,Admin Fee  + HD,https://premiervetalliance.com/pet-owner-terms-conditions/
the-coldicott.plansignup.co.uk,Admin Fee  + HD,https://premiervetalliance.com/pet-owner-terms-conditions/
thegeorgetetbury.plansignup.co.uk,Admin Fee + No HD,https://premiervetalliance.com/voyager-pet-owner-terms-conditions/
thegeorgemalmsbury.plansignup.co.uk,Admin Fee + No HD,https://premiervetalliance.com/voyager-pet-owner-terms-conditions/
thegeorge.plansignup.co.uk,Admin Fee + No HD,https://premiervetalliance.com/voyager-pet-owner-terms-conditions/
thegeorgewoottonbassett.plansignup.co.uk,Admin Fee + No HD,https://premiervetalliance.com/voyager-pet-owner-terms-conditions/
petsnvets.plansignup.co.uk,No Admin Fee + No HD,https://premiervetalliance.com/pet-owner-terms-conditions/
triovet.plansignup.co.uk,Admin Fee  + HD,https://premiervetalliance.com/pet-owner-terms-conditions/
tweed-house.plansignup.co.uk,Admin Fee  + HD,https://premiervetalliance.com/pet-owner-terms-conditions/
vetcareltd.plansignup.co.uk,Admin Fee + No HD,https://premiervetalliance.com/pet-owner-terms-conditions/
victoriavets-chapelenlefrith.plansignup.co.uk,Admin Fee  + HD,https://premiervetalliance.com/pet-owner-terms-conditions/
victoriavets-glossop.plansignup.co.uk,Admin Fee  + HD,https://premiervetalliance.com/pet-owner-terms-conditions/
wallaceveterinarycentre.plansignup.co.uk,No Admin Fee + No HD,https://premiervetalliance.com/ahc-pet-owner-terms-conditions/
wendylane.plansignup.co.uk,Admin Fee  + HD,https://premiervetalliance.com/pet-owner-terms-conditions/
werringtonvets.plansignup.co.uk,No Admin Fee + No HD,https://premiervetalliance.com/ahc-pet-owner-terms-conditions/
withy-grove.plansignup.co.uk,Admin Fee  + HD,https://premiervetalliance.com/pet-owner-terms-conditions/
wolfevets.plansignup.co.uk,No Admin Fee + No HD,https://premiervetalliance.com/ahc-pet-owner-terms-conditions/
woodward.plansignup.co.uk,Admin Fee  + HD,https://premiervetalliance.com/pet-owner-terms-conditions/
wyevalleyvets.plansignup.co.uk,Admin Fee  + HD,https://premiervetalliance.com/pet-owner-terms-conditions/
pethealthpartnership-wareham.plansignup.co.uk,No Admin Fee + No HD,https://premiervetalliance.com/ahc-pet-owner-terms-conditions/
pethealthpartnership-upton.plansignup.co.uk,No Admin Fee + No HD,https://premiervetalliance.com/ahc-pet-owner-terms-conditions/
hambleton-equine.plansignup.co.uk,Admin Fee + No HD,https://premiervetalliance.com/voyager-pet-owner-terms-conditions/
grovevets.plansignup.co.uk,Admin Fee + No HD,https://premiervetalliance.com/voyager-pet-owner-terms-conditions/
